{"cameraMode":{"drawMode":0,"name":"Shaded","section":"Shading Mode"},"sceneLighting":true,"audioPlay":false,"sceneViewState":{"m_AlwaysRefresh":false,"showFog":true,"showSkybox":true,"showFlares":true,"showImageEffects":true,"showParticleSystems":true,"showVisualEffectGraphs":true,"m_FxEnabled":true},"in2DMode":false,"pivot":{"x":-1.1456522941589356,"y":-1.0075302124023438,"z":0.0014331340789794922},"rotation":{"x":-0.3776949644088745,"y":0.46935388445854189,"z":-0.23213768005371095,"w":-0.7636540532112122},"size":4.566201210021973,"orthographic":false}